TipoDeInmueble,TipoDeOperacion,Dormitorios,Precio,Moneda,Zona,FechaDeActualización,Descripcion
Departamento,Alquiler,1.0,250000.0,Pesos,Bº Nueva Córdoba,29.09.2023,Nazareno XI- Bv. Illia N°362 - 1 Dorm - balcon - Nueva Córdoba
Departamento,Alquiler,1.0,2300.0,Dólares,Bº Nueva Córdoba,03.10.2023,SEMIPISO de 226 m2!! Fte Pza España! c / 2 Cocheras
Departamento,Alquiler,1.0,350000.0,Pesos,Bº Poeta Lugones,18.09.2023,Nuevo Poeta Lugones alquiler
Departamento,Alquiler,1.0,65000.0,Pesos,Bº Guemes,07.08.2023,KABAL'S ALQUILA LOCAL APTO GASTRONOMICO EN PUEYRREDON 619
Departamento,Alquiler,1.0,70000.0,Pesos,Bº Los Naranjos,07.06.2023,MAESTRO VIDAL dpto 1 dorm 1 baño con patio
Departamento,Alquiler,1.0,130000.0,Pesos,Bº Guemes,06.10.2023,1 DORMITORIO A ESTRENAR - ALQUILER - GÜEMES
Departamento,Alquiler,1.0,210000.0,Pesos,Bº General Paz,06.10.2023,Alquiler  / dto /  Dos Dorm.  /  General Paz
Departamento,Alquiler,1.0,160000.0,Pesos,Bº Nueva Córdoba,06.10.2023,ALQUILER DEPARTAMENTO DE 1 DORMITORIO - OBISPO SALGUERO (NUEVA CÓRODBA)
Departamento,Alquiler,1.0,550000.0,Pesos,Bº Greenville 2,04.10.2023,GREEN VILLE 2 - 200m2 Cub!!  Cochera para 2 autos 
Departamento,Alquiler,1.0,130000.0,Pesos,Bº Centro,04.10.2023,"INDEPENDENCIA 301,  LUMINOSO,  CONTRAFRENTE,  COCINA AMERICANA."
Departamento,Alquiler,1.0,150000.0,Pesos,Bº Nueva Córdoba,04.10.2023,CHACABUCO 327 - 1D - ALQUILER
Departamento,Alquiler,1.0,205000.0,Pesos,Bº Nueva Córdoba,02.10.2023,Alquiler Nueva Córdoba  /  /  1 Dorm  /  /  2 Balcones  /  /  Mejor Zona
Departamento,Alquiler,1.0,100000.0,Pesos,Bº Nueva Córdoba,22.09.2023,ALQUILER Departamento Balcarse 500 B° Nueva Cba
Departamento,Alquiler,2.0,190000.0,Pesos,Bº Nueva Córdoba,15.09.2023,Alquilo 2 dorm. y 2 baños en el mejor lugar de nva cba
Departamento,Alquiler,1.0,180000.0,Pesos,Bº Centro,07.09.2023,1 DORM CON TERRAZA PROPIA FRENTE AL PARQUE LAS TEJAS
Departamento,Alquiler,1.0,140000.0,Pesos,Bº Centro,05.09.2023,DEPARTAMENTO DE UN DORMITORIO EN EL CENTRO (TORRE NUBIS)
Departamento,Alquiler,1.0,165000.0,Pesos,Bº General Paz,03.09.2023,General Paz ★ ALQUILO ★ EXCLUSIVO 1 dorm ★ CATEGORIA amenities
Departamento,Alquiler,1.0,120000.0,Pesos,Bº Jorge Newbery,02.09.2023,INMEJORABLE DEPTO EN PLANTA ALTA
Departamento,Alquiler,1.0,125000.0,Pesos,Bº Nueva Córdoba,23.08.2023,"Nva. Cba- Parana 444,  Balcon,  Coc / Sep,  Amplio,  2º Piso"
Departamento,Alquiler,1.0,115000.0,Pesos,Bº Alto Alberdi,23.08.2023,DEPARTAMENTO 1 DORMITORIO FRENTE-BALCÓN-ALTO ALBERDI-CONSULTAS POR WHATS
Departamento,Alquiler,1.0,130000.0,Pesos,Bº Nueva Córdoba,18.08.2023,NVA CBA BALCARCE 390 ESQ ILLIA FRENTE 1 DOR PISO ALTO 
Departamento,Alquiler,1.0,120000.0,Pesos,Bº Nueva Córdoba,18.08.2023,Departamento en alquiler 1 dormitorio Nueva Córdoba
Departamento,Alquiler,1.0,111100.0,Pesos,Bº Los Olmos Sud,18.08.2023,B°LOS OLMOS SUD-POZO DE VARGAS N° 831
Departamento,Alquiler,2.0,90000.0,Pesos,Bº Centro,17.08.2023,Alq. Dpto Centro 2 Dorm y patio 
Departamento,Alquiler,4.0,190000.0,Pesos,Bº Don Bosco,17.08.2023,Barrio DON BOSCO 4 DORMITORIOS
Departamento,Alquiler,1.0,115000.0,Pesos,Bº Alta Córdoba,16.08.2023,Dpto. AMOBLADO EN ALTA CBA
Departamento,Alquiler,2.0,260000.0,Pesos,Bº Nueva Córdoba,15.08.2023,Nva Córdoba - Semi Piso - 2 Dorm + Escritorio - 2 Baños - Prox Plaza España
Departamento,Alquiler,1.0,250000.0,Pesos,Bº General Paz,14.08.2023,★★ALQUILO★★★ LOCAL ★★★ GRAL PAZ★★
Departamento,Alquiler,1.0,160000.0,Pesos,Bº Nueva Córdoba,04.08.2023,1 Drm c / Balcón - Nva Cba!!!
Departamento,Alquiler,1.0,140000.0,Pesos,Bº Nueva Córdoba,02.08.2023,Bº NVA CBA. SAN LORENZO N 300 . 1 DORM . BALCÓN . EXCELENTE  UBICACION
Departamento,Alquiler,1.0,40000.0,Pesos,Bº Alberdi,02.08.2023,SE ALQUILA MONOAMBIENTE EN  ALBERDI !!!!
Departamento,Alquiler,1.0,150000.0,Pesos,Bº Nueva Córdoba,02.08.2023,DEPARTAMENTO AMOBLADO LISTO PARA HABITAR EN NVA CBA
Departamento,Alquiler,1.0,115000.0,Pesos,Bº Quebrada de las Rosas,28.07.2023,Dpto 1 dormitorio Ciudad GAMA - C /  Balcón y Cochera
Departamento,Alquiler,2.0,300000.0,Pesos,Bº Urca,26.07.2023,URCA. Alquilo dúplex de 2 dormitorios
Departamento,Alquiler,1.0,164150.0,Pesos,Bº San Pablo,26.07.2023,B° SAN PABLO- HUASCHA N° 2957
Departamento,Alquiler,1.0,170000.0,Pesos,Bº Nueva Córdoba,25.07.2023,A MTS UNIVERSIDADES PARQUE LAS TEJAS Y PZA ESPAÑA
Departamento,Alquiler,4.0,260000.0,Pesos,Bº Cerro de las Rosas,20.07.2023,ALQUILER CASA 4 DORMITORIOS 4 BAÑOS CERRO DE LAS ROSAS
Departamento,Alquiler,1.0,110000.0,Pesos,Bº General Paz,06.07.2023,Alquiler General paz 6to piso contrafrente
Departamento,Alquiler,1.0,90000.0,Pesos,Bº Guemes,06.07.2023,1 dorm en Pueyrredon 724 a mts de Nva Cba
Departamento,Alquiler,2.0,165000.0,Pesos,Bº General Paz,05.07.2023,General PAZ ★ ALQUILO! ★  2 Dorm c /  2 Baños ★ Amenities
Casa,Alquiler,1.0,1500.0,Dólares,Bº Villa Eucarística,05.07.2023,Alquiler Casa Quinta 5.000mts en Complejo Cerrado Zona Sur
Departamento,Alquiler,1.0,100000.0,Pesos,Bº General Paz,04.07.2023,1 DOR GRAL PAZ C / BALCON 
Departamento,Alquiler,1.0,100000.0,Pesos,Bº Nueva Córdoba,23.06.2023,NVA CBA-FRUCT RIVERA 64-DPTO 1DORM EXC UBIC-GUARDIA SEG
Departamento,Alquiler,1.0,45000.0,Pesos,Bº Urca,23.06.2023,ALQUILER DPTO BARRIO URCA
Departamento,Alquiler,1.0,100000.0,Pesos,Bº Nueva Córdoba,21.06.2023,"Nva. Cba-Cañada y S. Juan,  Ext Vista a Cañada,  2Balc,  Coc / Sep,  mts Ptio Olmos"
Departamento,Alquiler,1.0,100000.0,Pesos,Bº Crisol Norte,21.06.2023,Departamento en Alquiler En Complejo Cerrado Pilay Futura
Departamento,Alquiler,1.0,100000.0,Pesos,Bº Sargento Cabral,19.06.2023,Av. Cornelio Saavedra al 3480
Departamento,Alquiler,2.0,90000.0,Pesos,Bº Alberdi,15.06.2023,ALBERDI - PLANTA ALTA - 2 dorm 2 baños c / terraza
Departamento,Alquiler,1.0,70000.0,Pesos,Bº Pueyrredon,14.06.2023,BARRIO PUEYRREDON- COCHABAMBA- DPTO. 1 DORM. - 
Departamento,Alquiler,1.0,130000.0,Pesos,Bº General Paz,12.06.2023,Con Video! 2d Gral Paz + Coch Opcional. Calefacción. Sum. Piscina. 4R 334
Departamento,Alquiler,1.0,130000.0,Pesos,Bº Nueva Córdoba,09.06.2023,ALQ. 1 DOR. - BUENOS AIRES 740 - NUEVA CÓRDOBA ZONA BUEN PASTOR
Departamento,Alquiler,1.0,100000.0,Pesos,Bº General Paz,09.06.2023,alquiler 1 dormitorio con balcón
Departamento,Alquiler,2.0,150000.0,Pesos,Bº Los Olmos Sud,02.06.2023,Complejo Bardas  /  /  Alquiler  /  /  2 Dorm  /  /  2 Bñs  /  /  Seg24hs  /  /  2 Balcones
Departamento,Alquiler,1.0,110000.0,Pesos,Bº General Paz,02.06.2023,Departamento ideal para una familia de 3 a 4 personas en Gral Paz!!!!
Departamento,Alquiler,2.0,220000.0,Pesos,Bº Chateau Carreras,02.06.2023,OPORTUNIDAD!! 2 DORMITORIOS + COCHERA EN COMPLEJO LIVETTE
Departamento,Alquiler,2.0,100350.0,Pesos,Bº Alberdi,30.05.2023,alberdi 2 dormitorios
Departamento,Alquiler,2.0,68350.0,Pesos,Bº San Martin,30.05.2023,hermoso depto 2 dorm san martin
Departamento,Alquiler,2.0,110000.0,Pesos,Bº Nueva Córdoba,24.05.2023,NUEVA CÓRDOBA- A. OLMOS 691 mts CIUDAD UNIVERSITARIA-2DORM
Departamento,Alquiler,1.0,80000.0,Pesos,Bº San Martin,24.05.2023,B° SAN MARTIN - DPTO. 1 DORM - C. SAAVEDRA 520
Departamento,Alquiler,1.0,90000.0,Pesos,Bº Valle del Cerro,24.05.2023,VALLE DEL CERRO DÚPLEX PLANTA ALTA. EXCELENTE ZONA. SÓLO USO COMERCIAL
Departamento,Alquiler,3.0,140000.0,Pesos,Bº San Martin,10.05.2023,ALQUILO CASA 3 DORM C / PATIO B° SAN MARTIN
Departamento,Alquiler,1.0,40000.0,Pesos,Bº Chateau Carreras,30.03.2023,LOCAL COMERCIAL COMPLETAMENTE AMOBLADO EN ZONA NORTE
Departamento,Alquiler,1.0,70000.0,Pesos,Bº Centro,22.02.2023,Pleno Centro - Oportunidad increible!!
Departamento,Alquiler,1.0,150000.0,Pesos,Bº Prados de Manantiales,09.12.2022,Prados de Manantiales. Realmente único en Calidad. Ver para creer!
Departamento,Alquiler,1.0,47000.0,Pesos,Bº Centro,01.12.2022,Hermoso Depto 1 dorm Interno Cañada y Colon
Departamento,Alquiler,1.0,55000.0,Pesos,Bº Observatorio,08.10.2023,AV. PUEYRREDON 1043 OBSERVATORIO LOCAL COMERCIAL EN ALQUILER 
Departamento,Alquiler,3.0,300000.0,Pesos,Bº Urca,08.10.2023,ALQUILA -  COSTANERA - URCA - DUPLEX 3 DORM DOS BAÑOS
Departamento,Alquiler,1.0,120000.0,Pesos,Bº Centro,06.10.2023,CENTRO - ALQUILER - Te lo vas a perder? INCREIBLE ZONA! 1D!
Departamento,Alquiler,1.0,125000.0,Pesos,Bº Nueva Córdoba,06.10.2023,ALQUILER -  AMPLIA OFICINA FRENTE AL MERCADO SUD - NUEVA CÓRDOBA
Departamento,Alquiler,2.0,130000.0,Pesos,Bº Santa Rita,05.10.2023,2 DORMITORIOS 
Departamento,Alquiler,1.0,175000.0,Pesos,Bº Nueva Córdoba,05.10.2023,B° Nva Cba - Illia 413 – 1 Dorm Aire Ac – Moderno  / Luminoso – Balcón
Departamento,Alquiler,1.0,180000.0,Pesos,Bº Claros del Bosque,04.10.2023,LOCAL 11 DE SEPTIEMBRE Y CIRCUNVALACION! 100 MTS!!
Departamento,Alquiler,1.0,125000.0,Pesos,Bº Cerro de las Rosas,04.10.2023,SE ALQUILA LOCAL COMERCIAL 40 M2 SOBRE BERROTARÁN ESQ TEJEDA
Departamento,Alquiler,1.0,140000.0,Pesos,Bº Nueva Córdoba,04.10.2023,ALQUILO DPTO NVA CORDOBA 1D
Departamento,Alquiler,1.0,125000.0,Pesos,Bº Cerro de las Rosas,04.10.2023,SE ALQUILA LOCAL COMERCIAL 40 M2 SOBRE BERROTARÁN ESQ TEJEDA
Departamento,Alquiler,1.0,140000.0,Pesos,Bº Nueva Córdoba,04.10.2023,ALQUILO DPTO NVA CORDOBA 1D
Departamento,Alquiler,1.0,40000.0,Pesos,Bº Centro,03.10.2023,Alquilo Oficina En Pleno Centro Calle Duartes Quirós
Departamento,Alquiler,1.0,160000.0,Pesos,Bº Nueva Córdoba,03.10.2023,Departamento un dormitorio alquiler Nueva Córdoba
Departamento,Alquiler,1.0,160000.0,Pesos,Bº Nueva Córdoba,03.10.2023,Departamento un dormitorio alquiler Nueva Córdoba
Departamento,Alquiler,2.0,240000.0,Pesos,Bº Nueva Córdoba,02.10.2023,ALQUILER DEPARTAMENTO DE 2 DORMITORIOS - NUEVA CÓRDOBA
Departamento,Alquiler,1.0,80000.0,Pesos,Bº San Martin,29.09.2023,ALQUILO DPTO UN DOR SAN MARTIN
Departamento,Alquiler,1.0,50000.0,Pesos,Bº Centro,29.09.2023,ALQUILO OFICINA COMERCIAL CENTRO
Comercio,Alquiler,1.0,18000.0,Pesos,Bº Centro,28.09.2023,"Alquilo Local ""Galería Las Américas"""
Departamento,Alquiler,1.0,155000.0,Pesos,Bº Alta Córdoba,25.09.2023,DISPONIBLE OCTUBRE. ALQUILER Depto 1 dorm.  ALTA CÓRDOBA. P.B. Pequeño Patio
Departamento,Alquiler,1.0,130000.0,Pesos,Bº Nueva Córdoba,25.09.2023,"Nva. Cba-Ctro,  Parana 195,  Coc / Sep,  Ampl,  Balc ext"
Departamento,Alquiler,1.0,95000.0,Pesos,Bº Alto Alberdi,22.09.2023,Alto Alberdi - 1 dormitorio.
Departamento,Alquiler,1.0,20000.0,Pesos,Bº Centro,22.09.2023,"Oficina céntrica sobre calle Lima y Rivadavia,  primer piso"
Departamento,Alquiler,1.0,120000.0,Pesos,Bº General Paz,21.09.2023,Alquiler de Salón comercial en Barrio General Paz
Departamento,Alquiler,1.0,95000.0,Pesos,Bº Centro,20.09.2023,Alquilo. Departamento. Apto uso comercial o vivienda. Centro.
Departamento,Alquiler,1.0,100000.0,Pesos,Bº Sarmiento,20.09.2023,Alquilo Excelente Ubicacion Zona Bancaria y Comercial
Departamento,Alquiler,1.0,150000.0,Pesos,Bº Alberdi,14.09.2023,SE ALQUILA DPTO C / AGUA Y EXP INCLUIDAS - 1 DORM-LIV / COM-COC-BAÑO-BALCON 
Departamento,Alquiler,1.0,150000.0,Pesos,Bº Jardín,14.09.2023,LOCAL EN ALQUILER AV RICHIERI
Departamento,Alquiler,1.0,85000.0,Pesos,Bº Providencia,14.09.2023,"UN DORM PB ,  COMEDOR,  PATIO INTERNO,  COCHERA B|PROVIDENCIA "
Departamento,Alquiler,2.0,280000.0,Pesos,Bº Manantiales,13.09.2023,CASONAS DE MANANTIALES. Alquiler Departamento 2 dorm. c / cochera. 
Departamento,Alquiler,2.0,70000.0,Pesos,Bº General Paz,08.09.2023,DEPTO GRAL PAZ - ECONOMICO - 2 DOR
Departamento,Alquiler,1.0,130000.0,Pesos,Bº General Paz,08.09.2023,"Alquiler dpto un dorm. C / Balcon,  Amenities,  CATEGORIA!!"
Comercio,Alquiler,1.0,100000.0,Pesos,Bº Nueva Córdoba,07.09.2023,Nueva Cordoba Alquilo Local
Departamento,Alquiler,1.0,100000.0,Pesos,Bº Centro,07.09.2023,Alquiler Duarte Quiros 969 Un (1) dormitorio Centro
Departamento,Alquiler,1.0,140000.0,Pesos,Bº Nueva Córdoba,05.09.2023,Departamento de 1 dormitorio en alquiler.
Departamento,Alquiler,1.0,110000.0,Pesos,Bº Nueva Córdoba,02.09.2023,DEPARTAMENTO EN NUEVA CBA MUY BIEN UBICADO
Departamento,Alquiler,1.0,95000.0,Pesos,Bº Centro,01.09.2023,Alquilo. Departamento. Apto uso comercial o vivienda. Centro.
Departamento,Alquiler,1.0,20000.0,Pesos,Bº General Paz,31.08.2023,General Paz - Cochera Amplia - Complejo Sonoma Ribera
Departamento,Alquiler,1.0,90000.0,Pesos,Bº Centro,18.08.2023,CTRO CASEROS DOR ZONA MUNICIPALIDAD CBA  
Departamento,Alquiler,1.0,160000.0,Pesos,Bº Alberdi,18.08.2023,EXCELENTE ALQUILER TEMPORARIO DE DOS DORMITORIOS!!!!
Departamento,Alquiler,1.0,145000.0,Pesos,Bº Nueva Córdoba,17.08.2023,HERMOSO DEPTO CON BALCON FRENTE!
Departamento,Alquiler,1.0,140000.0,Pesos,Bº Nueva Córdoba,17.08.2023,HERMOSO DEPTO CON BALCON AMPLIO FRENTE!
Departamento,Alquiler,1.0,100000.0,Pesos,Bº General Paz,17.08.2023,"DEPTO EN ALQUILER,  GRAL PAZ,  "
Departamento,Alquiler,1.0,65000.0,Pesos,Bº Alberdi,17.08.2023,Reservado
Departamento,Alquiler,2.0,180000.0,Pesos,Bº Centro,16.08.2023,Alquiler Depto 2 Dormitorios c /  Balcón en el Centro excelente ubicación 
Departamento,Alquiler,1.0,130000.0,Pesos,Bº General Paz,14.08.2023,Alquilo Barrio General Paz depto 1 dor
Departamento,Alquiler,1.0,33000.0,Pesos,Bº Villa Revol,09.08.2023,ALQUILER Bº VILLA REVOL TANDIL 1600 LOCAL 20M2 
Departamento,Alquiler,1.0,120000.0,Pesos,Bº Centro,08.08.2023,Jujuy a metros de Colón Planta libre 2 baños Subsuelo LOCAL ALQUILER CENTRO
Departamento,Alquiler,1.0,65000.0,Pesos,Bº Centro,04.08.2023,CENTRO MTS TRIBUNALES
Departamento,Alquiler,1.0,350000.0,Pesos,Bº Nueva Córdoba,27.07.2023,SE ALQUILA HERMOSA CASONA COMERCIAL EN PLENA NVA CBA
Departamento,Alquiler,1.0,112300.0,Pesos,Bº Parque San Vicente,26.07.2023,B° PARQUE SAN VICENTE-ACOSTA N° 1293
Departamento,Alquiler,1.0,270000.0,Pesos,Bº Villa Warcalde,20.07.2023,VILLA WARCALDE AMPLIO JARDIN (Ver vídeo)
Departamento,Alquiler,1.0,2000.0,Dólares,Bº Los Boulevares,13.07.2023,GALPON PREMIUN A 1 1 / 2 CUADRA DE BOULEVARD DE LOS ALEMANES - LO VAMOS A  VISITAR?
Departamento,Alquiler,1.0,80000.0,Pesos,Bº Pueyrredon,11.07.2023,B PUEYRREDON AV PATRIA 1453
Comercio,Alquiler,1.0,45000.0,Pesos,Bº Cerro de las Rosas,06.07.2023,Local en Galería Precedo 
Departamento,Alquiler,1.0,120000.0,Pesos,Bº Nueva Córdoba,06.07.2023,Alquilo Dpto 1 Dormitorio Amplio C / Balcón y Amenities Bº Nueva Córdoba.
Departamento,Alquiler,1.0,110000.0,Pesos,Bº General Paz,06.07.2023,Alquilo Dpto 1 Dormitorio C / Balcón a 1 Cuadra Av. 24 de Septiembre Bº  General
Departamento,Alquiler,1.0,16000.0,Pesos,Bº Centro,05.07.2023,COCHERA B° CENTRO . ITUZAINGO N 169 . EDIF. SIRIO LIBANÉS . GASTOS  INCLUIDO
Comercio,Alquiler,1.0,95000.0,Pesos,Bº Centro,05.07.2023,"ALQUILER - Local Comercial 60mts2 aprox. c /  Sótano,  Depósito y Baño -$95.000"
Departamento,Alquiler,1.0,25000.0,Pesos,Bº Villa Union,29.06.2023,"Bº VILLA UNION,  SOBRE CALLE PRINCIPAL.-"
Departamento,Alquiler,1.0,65000.0,Pesos,Bº Cofico,29.06.2023,Alquilo Oficina C / Privado en Excelente Ubicación Bº Cofico
Departamento,Alquiler,1.0,115000.0,Pesos,Bº Nueva Córdoba,23.06.2023,ALQUILER Depto. 1 dm - Nueva Córdoba
Departamento,Alquiler,1.0,130000.0,Pesos,Bº Alta Córdoba,23.06.2023,ALQUILER DEPARTAMENTO UN DORMITORIO Y ½ Bº COFICO
Departamento,Alquiler,1.0,110000.0,Pesos,Bº Nueva Córdoba,23.06.2023,"Ituzaingo 750,  Un dormitorio"
Departamento,Alquiler,1.0,80000.0,Pesos,Bº Alberdi,22.06.2023,CENTRO 9 DE JULIO 800
Departamento,Alquiler,3.0,270000.0,Pesos,Bº Chacra del Norte,21.06.2023,CHACRA DEL NORTE ALQUILER 3 DORM NUEVO!!!!
Departamento,Alquiler,1.0,108500.0,Pesos,Bº Los Gigantes,13.06.2023,EXECELENTE OPORTUNIDADS B°Los Gigantes
Departamento,Alquiler,1.0,130000.0,Pesos,Bº General Paz,12.06.2023,Video! 2d Gral Paz + Coch Opcional. Calefacción. Sum. Piscina. 4R-334
Departamento,Alquiler,1.0,150.0,Pesos,Bº Manantiales,12.06.2023,Alquilo DEPTO en Manantiales
Departamento,Alquiler,1.0,130000.0,Pesos,Bº Nueva Córdoba,09.06.2023,En el Corazon de Nueva Cordoba ¡HERMOSO DPTO AMOBLADO! en alquiler
Departamento,Alquiler,1.0,42000.0,Pesos,Bº Padre Claret,06.06.2023,Alquilo Deposito a Metros de la Mujer Urbana
Comercio,Alquiler,1.0,320000.0,Pesos,Bº Docta Urbanización Inteligente,05.06.2023,Alquiler importante Local Comercial en Docta
Comercio,Alquiler,1.0,140000.0,Pesos,Bº Docta Urbanización Inteligente,05.06.2023,Alquiler Local Comercial Docta
Comercio,Alquiler,1.0,180000.0,Pesos,Bº Docta Urbanización Inteligente,05.06.2023,Alquiler Imponente Local Comercial en Docta
Departamento,Alquiler,1.0,60000.0,Pesos,Bº Villa Cabrera,30.05.2023,Dueño alquila local en Av. Caraffa
Departamento,Alquiler,1.0,115000.0,Pesos,Bº Nueva Córdoba,29.05.2023,ALQUILER 1 DORM A ESTRENAR SOBRE CAÑADA - DISPONIBLE DESDE ABRIL
Departamento,Alquiler,1.0,10.0,Pesos,Bº Centro,29.05.2023,PEATONAL 9 DE JULIO - LOCAL EN ALQUILER
Departamento,Alquiler,1.0,110000.0,Pesos,Bº Centro,29.05.2023,En Pleno centro -Zona Tribunales DPTO 1 Dormitorio en alquiler!
Departamento,Alquiler,3.0,180000.0,Pesos,Bº General Paz,24.05.2023,ALQUILER-CASA DE 3 DORM-GENERAL PAZ-PILETA
Departamento,Alquiler,1.0,350000.0,Pesos,Bº Centro,18.05.2023,OPORTUNIDAD!! PISOS DE OFICINAS !!! ADMINISTRATIVO Y SERVICIOS Bº CENTRO!!
Departamento,Alquiler,1.0,75000.0,Pesos,Bº Centro,16.05.2023,ZONA CENTRO ALQUILO DPTO 1 DORM-COC / COM-BAÑO
Casa,Alquiler,4.0,900.0,Dólares,Bº Villa Warcalde,15.05.2023,"Casa en alquiler,  4 dormitorios,  Villa Warcalde con importante parque y  amoblada"
Departamento,Alquiler,2.0,135000.0,Pesos,Bº General Paz,24.04.2023,ALQUILER DEPARTAMENTO 2 DORM 
Departamento,Alquiler,1.0,130000.0,Pesos,Bº Jardín,21.04.2023,Barrio Jardin - Seguridad 24 hs!
Departamento,Alquiler,1.0,45000.0,Pesos,Bº Centro,18.04.2023,Centro - Oficina Fte a Cañada - Zona Tribunales
Departamento,Alquiler,1.0,80000.0,Pesos,Bº Providencia,13.01.2023,DOS DORMITORIOS CON BALCÓN EXTERNO - Bº PROVIDENCIA
Departamento,Alquiler,2.0,75000.0,Pesos,Bº Nueva Córdoba,27.09.2022,"Bº NVA CBA RONDEAU 69,  2 DOR  SEG 24 HS."
Departamento,Alquiler,1.0,45000.0,Pesos,Bº Guemes,19.05.2022,"Guemes-Nva. Cba- Cañada 888 y F. Rivera,  Coc / Sep,  2Balc,  Ext,  Amplio"
Departamento,Alquiler,3.0,65000.0,Pesos,Bº Urquiza,06.05.2022,Dpto 3 Dorm - Villasol
Departamento,Alquiler,1.0,50000.0,Pesos,Bº Urquiza,06.05.2022,Ciudad GAMA - 1 Dormitorio amoblado
Departamento,Alquiler,1.0,45000.0,Pesos,Bº San Rafael,14.03.2022,"San Rafael,  zona colegios,  casa uso comercial.-"
Departamento,Alquiler,1.0,120000.0,Pesos,Bº Centro,14.09.2023,SE ALQUILA DPTO PLANTA BAJA CON PATIO -1 DORM -1BAÑO-COC / SEPARADA -LIV / COM
Departamento,Alquiler,1.0,100000.0,Pesos,Bº Valle Cercano,04.09.2023,VALLE CERCANO- COMPLEJO C / PILETA y SEGURIDAD- Dto. Externo 1dor.-
Departamento,Alquiler,1.0,40000.0,Pesos,Bº Villa Alberdi,28.08.2023,LOCAL EN ALQUILER
Departamento,Alquiler,1.0,80000.0,Pesos,Bº Centro,16.08.2023,OFICINA fte a Tribunales I - D. Quirós esq. Bolívar  - 4 privados 
Departamento,Alquiler,2.0,100000.0,Pesos,Bº Centro,11.08.2023,CENTRO - 2 DORM - LA RIOJA 122 mts AV. GRAL. PAZ
Departamento,Alquiler,1.0,85000.0,Pesos,Bº Yofre Sud,03.08.2023,Alquiler departamento 1 dormitorios Yofre Sud.
Departamento,Alquiler,1.0,160000.0,Pesos,Bº Centro,24.07.2023,SE ALQUILA DPTO 1 DORM PLANTA BAJA CON PATIO
Departamento,Alquiler,1.0,90000.0,Pesos,Bº Alto Alberdi,23.07.2023,Depto a mts. Nuevo Centro Shopping
Departamento,Alquiler,1.0,120000.0,Pesos,Bº Arguello,20.07.2023,Av. Ricardo Rojas 6.769 Arguello Cba. (Ver vídeo)
Departamento,Alquiler,1.0,105000.0,Pesos,Bº Centro,14.07.2023,DEPTO EN ALQUILER AMOBLADO 1 DORMITORIO 
Departamento,Alquiler,1.0,150000.0,Pesos,Bº Cofico,14.07.2023,"EXCELENTE DPTO EN ALQUILER,  APTO OFICINA"
Departamento,Alquiler,1.0,80000.0,Pesos,Bº Alberdi,12.06.2023,OPORTUNIDAD AMPLIO C / BALCON
Departamento,Alquiler,1.0,150000.0,Pesos,Bº Cerro de las Rosas,12.06.2023,OPORTUNIDAD AMPLIO  DEPOSITO-BAULERA EN PLENO CERRO DE LAS ROSAS
Departamento,Alquiler,1.0,78000.0,Pesos,Bº Providencia,05.06.2023,B° Provindencia - Martin Garcia 564 - se alquila
Departamento,Alquiler,1.0,95000.0,Pesos,Bº Centro,16.05.2023,"SE ALQUILA LOCAL,  CON BAÑO- JUJUY 193 ESQ COLON"
Departamento,Alquiler,1.0,55000.0,Pesos,Bº Alberdi,13.04.2023,ALQUILER DEPARTAMENTO 1 DORM
Departamento,Alquiler,1.0,170000.0,Pesos,Bº Centenario,25.10.2022,"Centenario,  1 cda de La Cordillera"
Departamento,Alquiler,2.0,250000.0,Pesos,Bº Teodoro Felds,05.10.2023,Alquiler Temporario Dpto 2 Dorm En Villa Sol
Departamento,Alquiler,2.0,200000.0,Pesos,Bº Mariano Balcarce,05.10.2023,Alquiler departamento 2 dorm amoblado
Departamento,Alquiler,1.0,410000.0,Pesos,Bº Ameghino Norte,06.09.2023,ALQUILO GALPON A 3 CUADRAS DE RUTA 20 
Departamento,Alquiler,1.0,400000.0,Pesos,Bº Villa Cabrera,17.05.2023,VILLA CABRERA - AMPLIO GALPON EN ALQUILER - NAVE DE 380 M2 - ZONA SHOPPING
Departamento,Alquiler,1.0,170000.0,Pesos,Bº General Paz,02.10.2023,Gral Paz - 1 Dor c / coch o sin coch
Departamento,Alquiler,1.0,130000.0,Pesos,Bº Universitario de Horizonte,28.09.2023,Alquilo casa por dueño sin comisión
Departamento,Alquiler,1.0,95000.0,Pesos,Bº Alberdi,25.09.2023,ALQUILO DEPARTAMENTO DE UN DORMITORIO ZONA PLAZA COLON
Departamento,Alquiler,1.0,70000.0,Pesos,Bº San Martin,20.09.2023,San Martin - Dpto 1 Dorm a estrenar!. Sin expensas! Planta baja con patio
Departamento,Alquiler,1.0,60000.0,Pesos,Bº Los Paraisos,19.09.2023,Monoambiente amplio! Todos los servicios.
Departamento,Alquiler,1.0,150000.0,Pesos,Bº Nueva Córdoba,07.09.2023,Departamento en alquiler Nueva cordoba 1 dormitorio
Departamento,Alquiler,2.0,80000.0,Pesos,Bº Altamira,06.09.2023,ALQUILO LINDA CASITA 2 DORM. BUENA UBICACION (Altamira)
Departamento,Alquiler,1.0,120000.0,Pesos,Bº Alberdi,05.09.2023,Depto luminoso y amplio zona Nvo Centro Shopping
Departamento,Alquiler,1.0,140000.0,Pesos,Bº General Paz,04.09.2023,DEPARTAMENTO 1 DORMITORIO - GRAL PAZ
Departamento,Alquiler,1.0,70000.0,Pesos,Bº Ameghino Norte,31.08.2023,"Bº AMEGHINO NORTE,  PROPIEDAD A MEJORAR PARA ALQUILAR EN CÓRDOBA"
Departamento,Alquiler,1.0,14.0,Pesos,Bº Centro,29.08.2023,ALQUILO COCHERA CENTRO
Departamento,Alquiler,1.0,400000.0,Pesos,Bº Guiñazú Sur,22.08.2023,"EXCELENTE Galpon en Avda,  Japon 5000m2 terreno entrada camiones"
Casa,Alquiler,1.0,120000.0,Pesos,Bº Empalme,16.08.2023,"ALQUILO Casa B° Empalme,  DOS DROMITORIOS"
Departamento,Alquiler,2.0,125000.0,Pesos,Bº Las Palmas,16.08.2023,Alquilo casa 2 dormitorios Barrio Las Palmas
Departamento,Alquiler,3.0,250000.0,Pesos,Bº Prados de Manantiales,15.08.2023,Para Sept DUPLEX 3 dorm A ESTRENAR
Departamento,Alquiler,1.0,60000.0,Pesos,Bº General Bustos,14.08.2023,DEPARTAMENTO 1 DORM. EN Bº GRAL. BUSTOS
Departamento,Alquiler,1.0,90000.0,Pesos,Bº Yofre Norte,11.08.2023,EXCELENTE Y AMPLIO PH EN PB - 1 DORMI C /  PATIO Y COCHERA PASANTE - VENI A  VERLO!
Departamento,Alquiler,2.0,170000.0,Pesos,Bº Alberdi,11.08.2023,ALQUILER - EXCELENTE DPTO DE CATEGORIA - 2 DORMITORIOS
Departamento,Alquiler,1.0,85000.0,Pesos,Bº Bialet Masse,05.08.2023,B° Bialet Masse - Excelente ubicacion!
Departamento,Alquiler,1.0,120000.0,Pesos,null,04.08.2023,DEPARTAMENTO EN ALQUILER EN BARRIO GENERAL PAZ
Departamento,Alquiler,1.0,400000.0,Pesos,Bº Arguello Norte,03.08.2023,ALQUILO LOCAL AL LADO DEL SUPERMERCADO DISCO EN MARTINOLLI 7178
Departamento,Alquiler,2.0,120000.0,Pesos,Bº Cofico,03.08.2023,Alquiler dpto de 2 dorm. en barrio Cofico
Departamento,Alquiler,1.0,140000.0,Pesos,Bº Nueva Córdoba,02.08.2023,NVA CBA ITUZANGO 575 ESQ SAN LORENZO 1 DOR BALCON
Departamento,Alquiler,1.0,130000.0,Pesos,Bº Nueva Córdoba,02.08.2023,NVA CBA ITUZANGO 575 ESQ SAN LORENZO 1 DOR BALCON
Departamento,Alquiler,2.0,160000.0,Pesos,Bº Alta Córdoba,02.08.2023,Alquilo dpto 2 dorm. Alta Córdoba. Córdoba
Departamento,Alquiler,2.0,140000.0,Pesos,Bº Centro,30.07.2023,Alquiler Temporario en El Centro - 2 Dorm
Departamento,Alquiler,1.0,16500.0,Pesos,Bº Guemes,29.07.2023,Solamente auto chico últimas ubicaciones
Departamento,Alquiler,1.0,15.0,Pesos,Bº Villa Sol,29.07.2023,Alquilo cochera C villasol
Departamento,Alquiler,1.0,55000.0,Pesos,Bº General Mosconi,29.07.2023,Alquilo dpto planta alta para 1 persona
Departamento,Alquiler,1.0,1000.0,Dólares,Bº Valle Escondido,29.07.2023,Barrio El Balcon - Valle Escondido
Departamento,Alquiler,2.0,125000.0,Pesos,Bº Centro,29.07.2023,ALQUILER DPTO 2 DORM - PROXIMO A NUEVA CBA
Departamento,Alquiler,1.0,110000.0,Pesos,Bº Alto Alberdi,28.07.2023,1 DORM BALCON QUINCHO CON ASADOR Y PISCINA
Casa,Alquiler,2.0,100000.0,Pesos,Bº Empalme,27.07.2023,Casa 2 dormitorios en barrio empalme
Departamento,Alquiler,1.0,13500.0,Pesos,Bº Centro,24.07.2023,B° CENTRO – OFICINA EN ALQUILER
Departamento,Alquiler,3.0,2000.0,Dólares,Bº Lomas de la Carolina,24.07.2023,"EXCEPCIONAL CASA DE 3 DORMITORIOS,  COCHERA Y PILETA. SEGURIDAD"
Departamento,Alquiler,1.0,40000.0,Pesos,Bº Pueyrredon,21.07.2023,B° PUERREDON A METROS DE BANCO PATAGONIA
Departamento,Alquiler,1.0,400000.0,Pesos,Bº Villa Cabrera,19.07.2023,Alquiler de  galpón o local  en villa Cabrera  de 350 mts  a estrenar 
Departamento,Alquiler,1.0,110000.0,Pesos,Bº General Paz,13.07.2023,EXCELENTE - PB - 2 PATIOS - 1 DORM 1 BAÑO -
Departamento,Alquiler,3.0,195000.0,Pesos,Bº Villa Belgrano,07.07.2023,3 DORM 3 BAÑOS LIVING COMEDOR COCINA QUINCHO PATIO TERRAZA
Departamento,Alquiler,1.0,55000.0,Pesos,Bº Residencial Oeste,02.07.2023,DEPARTAMENTO DE UN DORMITORIO B° RESIDENCIAL OESTE CALLE FELIX PAZ 1226
Departamento,Alquiler,1.0,80000.0,Pesos,Bº Chateau Carreras,29.06.2023,VILLASOL - ALQUILO DPTO 1 DORM LIV. COM. COCINA AMERICANA
Departamento,Alquiler,1.0,80000.0,Pesos,Bº Chateau Carreras,28.06.2023, VILLASOL - ALQUILO DPTO 1 DORM LIV. COM. COCINA AMERICANA
Comercio,Alquiler,1.0,20000.0,Pesos,Bº Centro,28.06.2023,Local Alquiler Galería Pasaje Central Centro Córdoba
Departamento,Alquiler,1.0,70000.0,Pesos,Bº Alto Alberdi,20.06.2023,ALQUILO A. ALBERDI. 1 DORMITORIO.
Departamento,Alquiler,2.0,115000.0,Pesos,Bº Alta Córdoba,15.06.2023,"2 dormitorios,  alta cordoba,  categoria"
Departamento,Alquiler,1.0,67000.0,Pesos,Bº Alta Córdoba,09.06.2023,Copia de Alquilo casa ANTIGUA ( EXCELENTE UBICACIÓN)
Departamento,Alquiler,1.0,78000.0,Pesos,Bº Providencia,08.06.2023,Providencia 1 Dorm con Patio a metros de la Plaza Rafael Nuñez
Departamento,Alquiler,1.0,75000.0,Pesos,Bº Centro,07.06.2023,MAIPÚ 11 -Excelente depto 1 dormitorio
Departamento,Alquiler,1.0,90000.0,Pesos,Bº Nueva Córdoba,02.06.2023,ALQUILER DEPARTAMENTO UN DORMITORIO BARRIO NUEVA CORDOBA
Departamento,Alquiler,1.0,180000.0,Pesos,null,02.06.2023,Dúplex A Estrenar En Venta - Colinas de Manantiales
Casa,Alquiler,4.0,110000.0,Pesos,Bº San Martin,29.05.2023,Casa Amplia 4Dor c / cochera 
Departamento,Alquiler,1.0,63000.0,Pesos,Bº Carrara de horizonte,26.05.2023,Alquilo casa 1 dorm. Barrio Carrara de Horizonte Norte.
Departamento,Alquiler,2.0,180000.0,Pesos,Bº Docta Urbanización Inteligente,23.05.2023,Alquiler casa 2 dormitorios zona norte 
Departamento,Alquiler,1.0,115000.0,Pesos,Bº General Paz,22.05.2023,Alquiler de departamento en barrio General Paz
Departamento,Alquiler,3.0,140000.0,Pesos,Bº San Martin Norte,16.05.2023,Departamento 3 dormitorios en alquiler - San Martin
Departamento,Alquiler,2.0,75000.0,Pesos,Bº Marq. de Sobremonte,15.05.2023,ALQUILO Hermoso Depart. 2 Dor. c / coch. Marques de Sobremont
Departamento,Alquiler,1.0,50000.0,Pesos,Bº Colinas de V. Sarsfield,15.05.2023,Alquiler depto 1 dormi Colinas
Casa,Alquiler,1.0,90000.0,Pesos,Bº Carrara de horizonte,09.05.2023,Casa en Alquiler Carrara Sur
Departamento,Alquiler,1.0,120000.0,Pesos,Bº General Paz,05.05.2023,DUEÑO ALQUILA DEPTO A ESTRENAR
Departamento,Alquiler,1.0,120000.0,Pesos,Bº Centro,05.05.2023,CENTRO 27 de Abril 757 ext categ
Departamento,Alquiler,1.0,800000.0,Pesos,Bº Los Boulevares,05.05.2023,1000m2 planta libre + 100m2 Oficinas PATRÓN IVa (GA 518)
Comercio,Alquiler,1.0,155000.0,Pesos,Bº Centro,05.05.2023,Local esquina 90 MTS B CENTRO
Departamento,Alquiler,2.0,110000.0,Pesos,Bº Alberdi,05.05.2023,Alberdi - 2 Dorm con patio
Departamento,Alquiler,1.0,85000.0,Pesos,Bº Centro,04.05.2023,Departamento de 1 dormitorio en calle Balcarce a una cuadra de la terminal
Departamento,Alquiler,1.0,25000.0,Pesos,null,09.02.2023,ALQUILO LOCAL SOBRE CASTILLA A METROS DE PROV. VASCONGADAS
Departamento,Alquiler,1.0,3800.0,Pesos,Bº Alta Córdoba,27.12.2022,Cocheras para MOTOS mensuales Alta Cba.  Sin comisión
Departamento,Alquiler,1.0,90000.0,Pesos,Bº Centro,13.12.2022,Alquilo casa centro planta alra
Departamento,Alquiler,1.0,50000.0,Pesos,Bº Cofico,12.12.2022,Dpto a ESTRENAR 1 dor c / balcón  sobre Rodriguez Peña a Mts de Bedoya (Cofico)
Casa,Alquiler,1.0,90000.0,Pesos,Bº Centro,10.12.2022,"Alquiler Casa Planta Alta ,  preferiblemente comercial"
Departamento,Alquiler,1.0,10000.0,Pesos,Bº Centro,11.11.2022,CENTRO Oficina / local 45M2
Comercio,Alquiler,1.0,10000.0,Pesos,Bº Centro,11.11.2022,Local 45m2 Galería Céntrica !!!
