id,TipoDeInmueble,TipoDeOperacion,Dormitorios,Precio,Moneda,Zona,FechaDeActualización,Descripcion
32,null,Alquiler,,250000.0,Pesos,Bº Nueva Córdoba,29.09.2023,Nazareno XI- Bv. Illia N°362 - 1 Dorm - balcon - Nueva Córdoba
109,null,Alquiler,,2300.0,Dólares,Bº Nueva Córdoba,03.10.2023,SEMIPISO de 226 m2!! Fte Pza España! c / 2 Cocheras
112,null,Alquiler,,350000.0,Pesos,Bº Poeta Lugones,18.09.2023,Nuevo Poeta Lugones alquiler
114,null,Alquiler,,65000.0,Pesos,Bº Guemes,07.08.2023,KABAL'S ALQUILA LOCAL APTO GASTRONOMICO EN PUEYRREDON 619
116,null,Alquiler,,70000.0,Pesos,Bº Los Naranjos,07.06.2023,MAESTRO VIDAL dpto 1 dorm 1 baño con patio
461,null,Alquiler,,130000.0,Pesos,Bº Guemes,06.10.2023,1 DORMITORIO A ESTRENAR - ALQUILER - GÜEMES
462,null,Alquiler,,210000.0,Pesos,Bº General Paz,06.10.2023,Alquiler  / dto /  Dos Dorm.  /  General Paz
463,null,Alquiler,,160000.0,Pesos,Bº Nueva Córdoba,06.10.2023,ALQUILER DEPARTAMENTO DE 1 DORMITORIO - OBISPO SALGUERO (NUEVA CÓRODBA)
477,null,Alquiler,,550000.0,Pesos,Bº Greenville 2,04.10.2023,GREEN VILLE 2 - 200m2 Cub!!  Cochera para 2 autos 
488,null,Alquiler,,130000.0,Pesos,Bº Centro,04.10.2023,"INDEPENDENCIA 301,  LUMINOSO,  CONTRAFRENTE,  COCINA AMERICANA."
489,null,Alquiler,,150000.0,Pesos,Bº Nueva Córdoba,04.10.2023,CHACABUCO 327 - 1D - ALQUILER
510,null,Alquiler,,205000.0,Pesos,Bº Nueva Córdoba,02.10.2023,Alquiler Nueva Córdoba  /  /  1 Dorm  /  /  2 Balcones  /  /  Mejor Zona
536,null,Alquiler,,100000.0,Pesos,Bº Nueva Córdoba,22.09.2023,ALQUILER Departamento Balcarse 500 B° Nueva Cba
546,null,Alquiler,,190000.0,Pesos,Bº Nueva Córdoba,15.09.2023,Alquilo 2 dorm. y 2 baños en el mejor lugar de nva cba
549,null,Alquiler,,180000.0,Pesos,Bº Centro,07.09.2023,1 DORM CON TERRAZA PROPIA FRENTE AL PARQUE LAS TEJAS
550,null,Alquiler,,140000.0,Pesos,Bº Centro,05.09.2023,DEPARTAMENTO DE UN DORMITORIO EN EL CENTRO (TORRE NUBIS)
552,null,Alquiler,,165000.0,Pesos,Bº General Paz,03.09.2023,General Paz ★ ALQUILO ★ EXCLUSIVO 1 dorm ★ CATEGORIA amenities
553,null,Alquiler,,120000.0,Pesos,Bº Jorge Newbery,02.09.2023,INMEJORABLE DEPTO EN PLANTA ALTA
557,null,Alquiler,,125000.0,Pesos,Bº Nueva Córdoba,23.08.2023,"Nva. Cba- Parana 444,  Balcon,  Coc / Sep,  Amplio,  2º Piso"
558,null,Alquiler,,115000.0,Pesos,Bº Alto Alberdi,23.08.2023,DEPARTAMENTO 1 DORMITORIO FRENTE-BALCÓN-ALTO ALBERDI-CONSULTAS POR WHATS
560,null,Alquiler,,130000.0,Pesos,Bº Nueva Córdoba,18.08.2023,NVA CBA BALCARCE 390 ESQ ILLIA FRENTE 1 DOR PISO ALTO 
561,null,Alquiler,,120000.0,Pesos,Bº Nueva Córdoba,18.08.2023,Departamento en alquiler 1 dormitorio Nueva Córdoba
562,null,Alquiler,,111100.0,Pesos,Bº Los Olmos Sud,18.08.2023,B°LOS OLMOS SUD-POZO DE VARGAS N° 831
563,null,Alquiler,,90000.0,Pesos,Bº Centro,17.08.2023,Alq. Dpto Centro 2 Dorm y patio 
565,null,Alquiler,,190000.0,Pesos,Bº Don Bosco,17.08.2023,Barrio DON BOSCO 4 DORMITORIOS
566,null,Alquiler,,115000.0,Pesos,Bº Alta Córdoba,16.08.2023,Dpto. AMOBLADO EN ALTA CBA
568,null,Alquiler,,260000.0,Pesos,Bº Nueva Córdoba,15.08.2023,Nva Córdoba - Semi Piso - 2 Dorm + Escritorio - 2 Baños - Prox Plaza España
570,null,Alquiler,,250000.0,Pesos,Bº General Paz,14.08.2023,★★ALQUILO★★★ LOCAL ★★★ GRAL PAZ★★
576,null,Alquiler,,160000.0,Pesos,Bº Nueva Córdoba,04.08.2023,1 Drm c / Balcón - Nva Cba!!!
578,null,Alquiler,,140000.0,Pesos,Bº Nueva Córdoba,02.08.2023,Bº NVA CBA. SAN LORENZO N 300 . 1 DORM . BALCÓN . EXCELENTE  UBICACION
579,null,Alquiler,,40000.0,Pesos,Bº Alberdi,02.08.2023,SE ALQUILA MONOAMBIENTE EN  ALBERDI !!!!
580,null,Alquiler,,150000.0,Pesos,Bº Nueva Córdoba,02.08.2023,DEPARTAMENTO AMOBLADO LISTO PARA HABITAR EN NVA CBA
582,null,Alquiler,,115000.0,Pesos,Bº Quebrada de las Rosas,28.07.2023,Dpto 1 dormitorio Ciudad GAMA - C /  Balcón y Cochera
584,null,Alquiler,,300000.0,Pesos,Bº Urca,26.07.2023,URCA. Alquilo dúplex de 2 dormitorios
586,null,Alquiler,,164150.0,Pesos,Bº San Pablo,26.07.2023,B° SAN PABLO- HUASCHA N° 2957
587,null,Alquiler,,170000.0,Pesos,Bº Nueva Córdoba,25.07.2023,A MTS UNIVERSIDADES PARQUE LAS TEJAS Y PZA ESPAÑA
589,null,Alquiler,,260000.0,Pesos,Bº Cerro de las Rosas,20.07.2023,ALQUILER CASA 4 DORMITORIOS 4 BAÑOS CERRO DE LAS ROSAS
590,null,Alquiler,,110000.0,Pesos,Bº General Paz,06.07.2023,Alquiler General paz 6to piso contrafrente
591,null,Alquiler,,90000.0,Pesos,Bº Guemes,06.07.2023,1 dorm en Pueyrredon 724 a mts de Nva Cba
593,null,Alquiler,,165000.0,Pesos,Bº General Paz,05.07.2023,General PAZ ★ ALQUILO! ★  2 Dorm c /  2 Baños ★ Amenities
594,null,Alquiler,,1500.0,Dólares,Bº Villa Eucarística,05.07.2023,Alquiler Casa Quinta 5.000mts en Complejo Cerrado Zona Sur
596,null,Alquiler,,100000.0,Pesos,Bº General Paz,04.07.2023,1 DOR GRAL PAZ C / BALCON 
598,null,Alquiler,,100000.0,Pesos,Bº Nueva Córdoba,23.06.2023,NVA CBA-FRUCT RIVERA 64-DPTO 1DORM EXC UBIC-GUARDIA SEG
599,null,Alquiler,,45000.0,Pesos,Bº Urca,23.06.2023,ALQUILER DPTO BARRIO URCA
600,null,Alquiler,,100000.0,Pesos,Bº Nueva Córdoba,21.06.2023,"Nva. Cba-Cañada y S. Juan,  Ext Vista a Cañada,  2Balc,  Coc / Sep,  mts Ptio Olmos"
601,null,Alquiler,,100000.0,Pesos,Bº Crisol Norte,21.06.2023,Departamento en Alquiler En Complejo Cerrado Pilay Futura
602,null,Alquiler,,100000.0,Pesos,Bº Sargento Cabral,19.06.2023,Av. Cornelio Saavedra al 3480
603,null,Alquiler,,90000.0,Pesos,Bº Alberdi,15.06.2023,ALBERDI - PLANTA ALTA - 2 dorm 2 baños c / terraza
604,null,Alquiler,,70000.0,Pesos,Bº Pueyrredon,14.06.2023,BARRIO PUEYRREDON- COCHABAMBA- DPTO. 1 DORM. - 
605,null,Alquiler,,130000.0,Pesos,Bº General Paz,12.06.2023,Con Video! 2d Gral Paz + Coch Opcional. Calefacción. Sum. Piscina. 4R 334
606,null,Alquiler,,130000.0,Pesos,Bº Nueva Córdoba,09.06.2023,ALQ. 1 DOR. - BUENOS AIRES 740 - NUEVA CÓRDOBA ZONA BUEN PASTOR
607,null,Alquiler,,100000.0,Pesos,Bº General Paz,09.06.2023,alquiler 1 dormitorio con balcón
608,null,Alquiler,,150000.0,Pesos,Bº Los Olmos Sud,02.06.2023,Complejo Bardas  /  /  Alquiler  /  /  2 Dorm  /  /  2 Bñs  /  /  Seg24hs  /  /  2 Balcones
609,null,Alquiler,,110000.0,Pesos,Bº General Paz,02.06.2023,Departamento ideal para una familia de 3 a 4 personas en Gral Paz!!!!
610,null,Alquiler,,220000.0,Pesos,Bº Chateau Carreras,02.06.2023,OPORTUNIDAD!! 2 DORMITORIOS + COCHERA EN COMPLEJO LIVETTE
612,null,Alquiler,,100350.0,Pesos,Bº Alberdi,30.05.2023,alberdi 2 dormitorios
613,null,Alquiler,,68350.0,Pesos,Bº San Martin,30.05.2023,hermoso depto 2 dorm san martin
614,null,Alquiler,,110000.0,Pesos,Bº Nueva Córdoba,24.05.2023,NUEVA CÓRDOBA- A. OLMOS 691 mts CIUDAD UNIVERSITARIA-2DORM
615,null,Alquiler,,80000.0,Pesos,Bº San Martin,24.05.2023,B° SAN MARTIN - DPTO. 1 DORM - C. SAAVEDRA 520
616,null,Alquiler,,90000.0,Pesos,Bº Valle del Cerro,24.05.2023,VALLE DEL CERRO DÚPLEX PLANTA ALTA. EXCELENTE ZONA. SÓLO USO COMERCIAL
619,null,Alquiler,,140000.0,Pesos,Bº San Martin,10.05.2023,ALQUILO CASA 3 DORM C / PATIO B° SAN MARTIN
621,null,Alquiler,,40000.0,Pesos,Bº Chateau Carreras,30.03.2023,LOCAL COMERCIAL COMPLETAMENTE AMOBLADO EN ZONA NORTE
623,null,Alquiler,,70000.0,Pesos,Bº Centro,22.02.2023,Pleno Centro - Oportunidad increible!!
627,null,Alquiler,,150000.0,Pesos,Bº Prados de Manantiales,09.12.2022,Prados de Manantiales. Realmente único en Calidad. Ver para creer!
628,null,Alquiler,,47000.0,Pesos,Bº Centro,01.12.2022,Hermoso Depto 1 dorm Interno Cañada y Colon
636,null,Alquiler,,55000.0,Pesos,Bº Observatorio,08.10.2023,AV. PUEYRREDON 1043 OBSERVATORIO LOCAL COMERCIAL EN ALQUILER 
637,null,Alquiler,,300000.0,Pesos,Bº Urca,08.10.2023,ALQUILA -  COSTANERA - URCA - DUPLEX 3 DORM DOS BAÑOS
1247,null,Alquiler,,120000.0,Pesos,Bº Centro,06.10.2023,CENTRO - ALQUILER - Te lo vas a perder? INCREIBLE ZONA! 1D!
1248,null,Alquiler,,125000.0,Pesos,Bº Nueva Córdoba,06.10.2023,ALQUILER -  AMPLIA OFICINA FRENTE AL MERCADO SUD - NUEVA CÓRDOBA
1273,null,Alquiler,,130000.0,Pesos,Bº Santa Rita,05.10.2023,2 DORMITORIOS 
1274,null,Alquiler,,175000.0,Pesos,Bº Nueva Córdoba,05.10.2023,B° Nva Cba - Illia 413 – 1 Dorm Aire Ac – Moderno  / Luminoso – Balcón
1284,null,Alquiler,,180000.0,Pesos,Bº Claros del Bosque,04.10.2023,LOCAL 11 DE SEPTIEMBRE Y CIRCUNVALACION! 100 MTS!!
1291,null,Alquiler,,125000.0,Pesos,Bº Cerro de las Rosas,04.10.2023,SE ALQUILA LOCAL COMERCIAL 40 M2 SOBRE BERROTARÁN ESQ TEJEDA
1292,null,Alquiler,,140000.0,Pesos,Bº Nueva Córdoba,04.10.2023,ALQUILO DPTO NVA CORDOBA 1D
1297,null,Alquiler,,125000.0,Pesos,Bº Cerro de las Rosas,04.10.2023,SE ALQUILA LOCAL COMERCIAL 40 M2 SOBRE BERROTARÁN ESQ TEJEDA
1298,null,Alquiler,,140000.0,Pesos,Bº Nueva Córdoba,04.10.2023,ALQUILO DPTO NVA CORDOBA 1D
1309,null,Alquiler,,40000.0,Pesos,Bº Centro,03.10.2023,Alquilo Oficina En Pleno Centro Calle Duartes Quirós
1310,null,Alquiler,,160000.0,Pesos,Bº Nueva Córdoba,03.10.2023,Departamento un dormitorio alquiler Nueva Córdoba
1311,null,Alquiler,,160000.0,Pesos,Bº Nueva Córdoba,03.10.2023,Departamento un dormitorio alquiler Nueva Córdoba
1340,null,Alquiler,,240000.0,Pesos,Bº Nueva Córdoba,02.10.2023,ALQUILER DEPARTAMENTO DE 2 DORMITORIOS - NUEVA CÓRDOBA
1352,null,Alquiler,,80000.0,Pesos,Bº San Martin,29.09.2023,ALQUILO DPTO UN DOR SAN MARTIN
1353,null,Alquiler,,50000.0,Pesos,Bº Centro,29.09.2023,ALQUILO OFICINA COMERCIAL CENTRO
1356,null,Alquiler,,18000.0,Pesos,Bº Centro,28.09.2023,"Alquilo Local ""Galería Las Américas"""
1376,null,Alquiler,,155000.0,Pesos,Bº Alta Córdoba,25.09.2023,DISPONIBLE OCTUBRE. ALQUILER Depto 1 dorm.  ALTA CÓRDOBA. P.B. Pequeño Patio
1377,null,Alquiler,,130000.0,Pesos,Bº Nueva Córdoba,25.09.2023,"Nva. Cba-Ctro,  Parana 195,  Coc / Sep,  Ampl,  Balc ext"
1388,null,Alquiler,,95000.0,Pesos,Bº Alto Alberdi,22.09.2023,Alto Alberdi - 1 dormitorio.
1389,null,Alquiler,,20000.0,Pesos,Bº Centro,22.09.2023,"Oficina céntrica sobre calle Lima y Rivadavia,  primer piso"
1404,null,Alquiler,,120000.0,Pesos,Bº General Paz,21.09.2023,Alquiler de Salón comercial en Barrio General Paz
1407,null,Alquiler,,95000.0,Pesos,Bº Centro,20.09.2023,Alquilo. Departamento. Apto uso comercial o vivienda. Centro.
1409,null,Alquiler,,100000.0,Pesos,Bº Sarmiento,20.09.2023,Alquilo Excelente Ubicacion Zona Bancaria y Comercial
1420,null,Alquiler,,150000.0,Pesos,Bº Alberdi,14.09.2023,SE ALQUILA DPTO C / AGUA Y EXP INCLUIDAS - 1 DORM-LIV / COM-COC-BAÑO-BALCON 
1422,null,Alquiler,,150000.0,Pesos,Bº Jardín,14.09.2023,LOCAL EN ALQUILER AV RICHIERI
1427,null,Alquiler,,85000.0,Pesos,Bº Providencia,14.09.2023,"UN DORM PB ,  COMEDOR,  PATIO INTERNO,  COCHERA B|PROVIDENCIA "
1428,null,Alquiler,,280000.0,Pesos,Bº Manantiales,13.09.2023,CASONAS DE MANANTIALES. Alquiler Departamento 2 dorm. c / cochera. 
1440,null,Alquiler,,70000.0,Pesos,Bº General Paz,08.09.2023,DEPTO GRAL PAZ - ECONOMICO - 2 DOR
1442,null,Alquiler,,130000.0,Pesos,Bº General Paz,08.09.2023,"Alquiler dpto un dorm. C / Balcon,  Amenities,  CATEGORIA!!"
1445,null,Alquiler,,100000.0,Pesos,Bº Nueva Córdoba,07.09.2023,Nueva Cordoba Alquilo Local
1446,null,Alquiler,,100000.0,Pesos,Bº Centro,07.09.2023,Alquiler Duarte Quiros 969 Un (1) dormitorio Centro
1450,null,Alquiler,,140000.0,Pesos,Bº Nueva Córdoba,05.09.2023,Departamento de 1 dormitorio en alquiler.
1452,null,Alquiler,,110000.0,Pesos,Bº Nueva Córdoba,02.09.2023,DEPARTAMENTO EN NUEVA CBA MUY BIEN UBICADO
1453,null,Alquiler,,95000.0,Pesos,Bº Centro,01.09.2023,Alquilo. Departamento. Apto uso comercial o vivienda. Centro.
1455,null,Alquiler,,20000.0,Pesos,Bº General Paz,31.08.2023,General Paz - Cochera Amplia - Complejo Sonoma Ribera
1465,null,Alquiler,,90000.0,Pesos,Bº Centro,18.08.2023,CTRO CASEROS DOR ZONA MUNICIPALIDAD CBA  
1466,null,Alquiler,,160000.0,Pesos,Bº Alberdi,18.08.2023,EXCELENTE ALQUILER TEMPORARIO DE DOS DORMITORIOS!!!!
1468,null,Alquiler,,145000.0,Pesos,Bº Nueva Córdoba,17.08.2023,HERMOSO DEPTO CON BALCON FRENTE!
1469,null,Alquiler,,140000.0,Pesos,Bº Nueva Córdoba,17.08.2023,HERMOSO DEPTO CON BALCON AMPLIO FRENTE!
1470,null,Alquiler,,100000.0,Pesos,Bº General Paz,17.08.2023,"DEPTO EN ALQUILER,  GRAL PAZ,  "
1471,null,Alquiler,,65000.0,Pesos,Bº Alberdi,17.08.2023,Reservado
1473,null,Alquiler,,180000.0,Pesos,Bº Centro,16.08.2023,Alquiler Depto 2 Dormitorios c /  Balcón en el Centro excelente ubicación 
1477,null,Alquiler,,130000.0,Pesos,Bº General Paz,14.08.2023,Alquilo Barrio General Paz depto 1 dor
1478,null,Alquiler,,33000.0,Pesos,Bº Villa Revol,09.08.2023,ALQUILER Bº VILLA REVOL TANDIL 1600 LOCAL 20M2 
1482,null,Alquiler,,120000.0,Pesos,Bº Centro,08.08.2023,Jujuy a metros de Colón Planta libre 2 baños Subsuelo LOCAL ALQUILER CENTRO
1483,null,Alquiler,,65000.0,Pesos,Bº Centro,04.08.2023,CENTRO MTS TRIBUNALES
1486,null,Alquiler,,350000.0,Pesos,Bº Nueva Córdoba,27.07.2023,SE ALQUILA HERMOSA CASONA COMERCIAL EN PLENA NVA CBA
1487,null,Alquiler,,112300.0,Pesos,Bº Parque San Vicente,26.07.2023,B° PARQUE SAN VICENTE-ACOSTA N° 1293
1491,null,Alquiler,,270000.0,Pesos,Bº Villa Warcalde,20.07.2023,VILLA WARCALDE AMPLIO JARDIN (Ver vídeo)
1499,null,Alquiler,,2000.0,Dólares,Bº Los Boulevares,13.07.2023,GALPON PREMIUN A 1 1 / 2 CUADRA DE BOULEVARD DE LOS ALEMANES - LO VAMOS A  VISITAR?
1501,null,Alquiler,,80000.0,Pesos,Bº Pueyrredon,11.07.2023,B PUEYRREDON AV PATRIA 1453
1502,null,Alquiler,,45000.0,Pesos,Bº Cerro de las Rosas,06.07.2023,Local en Galería Precedo 
1504,null,Alquiler,,120000.0,Pesos,Bº Nueva Córdoba,06.07.2023,Alquilo Dpto 1 Dormitorio Amplio C / Balcón y Amenities Bº Nueva Córdoba.
1505,null,Alquiler,,110000.0,Pesos,Bº General Paz,06.07.2023,Alquilo Dpto 1 Dormitorio C / Balcón a 1 Cuadra Av. 24 de Septiembre Bº  General
1507,null,Alquiler,,16000.0,Pesos,Bº Centro,05.07.2023,COCHERA B° CENTRO . ITUZAINGO N 169 . EDIF. SIRIO LIBANÉS . GASTOS  INCLUIDO
1508,null,Alquiler,,95000.0,Pesos,Bº Centro,05.07.2023,"ALQUILER - Local Comercial 60mts2 aprox. c /  Sótano,  Depósito y Baño -$95.000"
1512,null,Alquiler,,25000.0,Pesos,Bº Villa Union,29.06.2023,"Bº VILLA UNION,  SOBRE CALLE PRINCIPAL.-"
1513,null,Alquiler,,65000.0,Pesos,Bº Cofico,29.06.2023,Alquilo Oficina C / Privado en Excelente Ubicación Bº Cofico
1516,null,Alquiler,,115000.0,Pesos,Bº Nueva Córdoba,23.06.2023,ALQUILER Depto. 1 dm - Nueva Córdoba
1517,null,Alquiler,,130000.0,Pesos,Bº Alta Córdoba,23.06.2023,ALQUILER DEPARTAMENTO UN DORMITORIO Y ½ Bº COFICO
1518,null,Alquiler,,110000.0,Pesos,Bº Nueva Córdoba,23.06.2023,"Ituzaingo 750,  Un dormitorio"
1519,null,Alquiler,,80000.0,Pesos,Bº Alberdi,22.06.2023,CENTRO 9 DE JULIO 800
1520,null,Alquiler,,270000.0,Pesos,Bº Chacra del Norte,21.06.2023,CHACRA DEL NORTE ALQUILER 3 DORM NUEVO!!!!
1522,null,Alquiler,,108500.0,Pesos,Bº Los Gigantes,13.06.2023,EXECELENTE OPORTUNIDADS B°Los Gigantes
1523,null,Alquiler,,130000.0,Pesos,Bº General Paz,12.06.2023,Video! 2d Gral Paz + Coch Opcional. Calefacción. Sum. Piscina. 4R-334
1524,null,Alquiler,,150.0,Pesos,Bº Manantiales,12.06.2023,Alquilo DEPTO en Manantiales
1525,null,Alquiler,,130000.0,Pesos,Bº Nueva Córdoba,09.06.2023,En el Corazon de Nueva Cordoba ¡HERMOSO DPTO AMOBLADO! en alquiler
1526,null,Alquiler,,42000.0,Pesos,Bº Padre Claret,06.06.2023,Alquilo Deposito a Metros de la Mujer Urbana
1528,null,Alquiler,,320000.0,Pesos,Bº Docta Urbanización Inteligente,05.06.2023,Alquiler importante Local Comercial en Docta
1529,null,Alquiler,,140000.0,Pesos,Bº Docta Urbanización Inteligente,05.06.2023,Alquiler Local Comercial Docta
1530,null,Alquiler,,180000.0,Pesos,Bº Docta Urbanización Inteligente,05.06.2023,Alquiler Imponente Local Comercial en Docta
1532,null,Alquiler,,60000.0,Pesos,Bº Villa Cabrera,30.05.2023,Dueño alquila local en Av. Caraffa
1533,null,Alquiler,,115000.0,Pesos,Bº Nueva Córdoba,29.05.2023,ALQUILER 1 DORM A ESTRENAR SOBRE CAÑADA - DISPONIBLE DESDE ABRIL
1534,null,Alquiler,,10.0,Pesos,Bº Centro,29.05.2023,PEATONAL 9 DE JULIO - LOCAL EN ALQUILER
1535,null,Alquiler,,110000.0,Pesos,Bº Centro,29.05.2023,En Pleno centro -Zona Tribunales DPTO 1 Dormitorio en alquiler!
1538,null,Alquiler,,180000.0,Pesos,Bº General Paz,24.05.2023,ALQUILER-CASA DE 3 DORM-GENERAL PAZ-PILETA
1539,null,Alquiler,,350000.0,Pesos,Bº Centro,18.05.2023,OPORTUNIDAD!! PISOS DE OFICINAS !!! ADMINISTRATIVO Y SERVICIOS Bº CENTRO!!
1540,null,Alquiler,,75000.0,Pesos,Bº Centro,16.05.2023,ZONA CENTRO ALQUILO DPTO 1 DORM-COC / COM-BAÑO
1541,null,Alquiler,,900.0,Dólares,Bº Villa Warcalde,15.05.2023,"Casa en alquiler,  4 dormitorios,  Villa Warcalde con importante parque y  amoblada"
1544,null,Alquiler,,135000.0,Pesos,Bº General Paz,24.04.2023,ALQUILER DEPARTAMENTO 2 DORM 
1545,null,Alquiler,,130000.0,Pesos,Bº Jardín,21.04.2023,Barrio Jardin - Seguridad 24 hs!
1546,null,Alquiler,,45000.0,Pesos,Bº Centro,18.04.2023,Centro - Oficina Fte a Cañada - Zona Tribunales
1552,null,Alquiler,,80000.0,Pesos,Bº Providencia,13.01.2023,DOS DORMITORIOS CON BALCÓN EXTERNO - Bº PROVIDENCIA
1556,null,Alquiler,,75000.0,Pesos,Bº Nueva Córdoba,27.09.2022,"Bº NVA CBA RONDEAU 69,  2 DOR  SEG 24 HS."
1561,null,Alquiler,,45000.0,Pesos,Bº Guemes,19.05.2022,"Guemes-Nva. Cba- Cañada 888 y F. Rivera,  Coc / Sep,  2Balc,  Ext,  Amplio"
1563,null,Alquiler,,65000.0,Pesos,Bº Urquiza,06.05.2022,Dpto 3 Dorm - Villasol
1564,null,Alquiler,,50000.0,Pesos,Bº Urquiza,06.05.2022,Ciudad GAMA - 1 Dormitorio amoblado
1565,null,Alquiler,,45000.0,Pesos,Bº San Rafael,14.03.2022,"San Rafael,  zona colegios,  casa uso comercial.-"
1586,null,Alquiler,,120000.0,Pesos,Bº Centro,14.09.2023,SE ALQUILA DPTO PLANTA BAJA CON PATIO -1 DORM -1BAÑO-COC / SEPARADA -LIV / COM
1587,null,Alquiler,,100000.0,Pesos,Bº Valle Cercano,04.09.2023,VALLE CERCANO- COMPLEJO C / PILETA y SEGURIDAD- Dto. Externo 1dor.-
1588,null,Alquiler,,40000.0,Pesos,Bº Villa Alberdi,28.08.2023,LOCAL EN ALQUILER
1589,null,Alquiler,,80000.0,Pesos,Bº Centro,16.08.2023,OFICINA fte a Tribunales I - D. Quirós esq. Bolívar  - 4 privados 
1591,null,Alquiler,,100000.0,Pesos,Bº Centro,11.08.2023,CENTRO - 2 DORM - LA RIOJA 122 mts AV. GRAL. PAZ
1592,null,Alquiler,,85000.0,Pesos,Bº Yofre Sud,03.08.2023,Alquiler departamento 1 dormitorios Yofre Sud.
1593,null,Alquiler,,160000.0,Pesos,Bº Centro,24.07.2023,SE ALQUILA DPTO 1 DORM PLANTA BAJA CON PATIO
1594,null,Alquiler,,90000.0,Pesos,Bº Alto Alberdi,23.07.2023,Depto a mts. Nuevo Centro Shopping
1595,null,Alquiler,,120000.0,Pesos,Bº Arguello,20.07.2023,Av. Ricardo Rojas 6.769 Arguello Cba. (Ver vídeo)
1596,null,Alquiler,,105000.0,Pesos,Bº Centro,14.07.2023,DEPTO EN ALQUILER AMOBLADO 1 DORMITORIO 
1597,null,Alquiler,,150000.0,Pesos,Bº Cofico,14.07.2023,"EXCELENTE DPTO EN ALQUILER,  APTO OFICINA"
1598,null,Alquiler,,80000.0,Pesos,Bº Alberdi,12.06.2023,OPORTUNIDAD AMPLIO C / BALCON
1599,null,Alquiler,,150000.0,Pesos,Bº Cerro de las Rosas,12.06.2023,OPORTUNIDAD AMPLIO  DEPOSITO-BAULERA EN PLENO CERRO DE LAS ROSAS
1600,null,Alquiler,,78000.0,Pesos,Bº Providencia,05.06.2023,B° Provindencia - Martin Garcia 564 - se alquila
1601,null,Alquiler,,95000.0,Pesos,Bº Centro,16.05.2023,"SE ALQUILA LOCAL,  CON BAÑO- JUJUY 193 ESQ COLON"
1602,null,Alquiler,,55000.0,Pesos,Bº Alberdi,13.04.2023,ALQUILER DEPARTAMENTO 1 DORM
1603,null,Alquiler,,170000.0,Pesos,Bº Centenario,25.10.2022,"Centenario,  1 cda de La Cordillera"
1642,null,Alquiler,,250000.0,Pesos,Bº Teodoro Felds,05.10.2023,Alquiler Temporario Dpto 2 Dorm En Villa Sol
1643,null,Alquiler,,200000.0,Pesos,Bº Mariano Balcarce,05.10.2023,Alquiler departamento 2 dorm amoblado
1736,null,Alquiler,,410000.0,Pesos,Bº Ameghino Norte,06.09.2023,ALQUILO GALPON A 3 CUADRAS DE RUTA 20 
1816,null,Alquiler,,400000.0,Pesos,Bº Villa Cabrera,17.05.2023,VILLA CABRERA - AMPLIO GALPON EN ALQUILER - NAVE DE 380 M2 - ZONA SHOPPING
2118,null,Alquiler,,170000.0,Pesos,Bº General Paz,02.10.2023,Gral Paz - 1 Dor c / coch o sin coch
2211,null,Alquiler,,130000.0,Pesos,Bº Universitario de Horizonte,28.09.2023,Alquilo casa por dueño sin comisión
2334,null,Alquiler,,95000.0,Pesos,Bº Alberdi,25.09.2023,ALQUILO DEPARTAMENTO DE UN DORMITORIO ZONA PLAZA COLON
2418,null,Alquiler,,70000.0,Pesos,Bº San Martin,20.09.2023,San Martin - Dpto 1 Dorm a estrenar!. Sin expensas! Planta baja con patio
2448,null,Alquiler,,60000.0,Pesos,Bº Los Paraisos,19.09.2023,Monoambiente amplio! Todos los servicios.
2644,null,Alquiler,,150000.0,Pesos,Bº Nueva Córdoba,07.09.2023,Departamento en alquiler Nueva cordoba 1 dormitorio
2645,null,Alquiler,,80000.0,Pesos,Bº Altamira,06.09.2023,ALQUILO LINDA CASITA 2 DORM. BUENA UBICACION (Altamira)
2648,null,Alquiler,,120000.0,Pesos,Bº Alberdi,05.09.2023,Depto luminoso y amplio zona Nvo Centro Shopping
2649,null,Alquiler,,140000.0,Pesos,Bº General Paz,04.09.2023,DEPARTAMENTO 1 DORMITORIO - GRAL PAZ
2654,null,Alquiler,,70000.0,Pesos,Bº Ameghino Norte,31.08.2023,"Bº AMEGHINO NORTE,  PROPIEDAD A MEJORAR PARA ALQUILAR EN CÓRDOBA"
2656,null,Alquiler,,14.0,Pesos,Bº Centro,29.08.2023,ALQUILO COCHERA CENTRO
2666,null,Alquiler,,400000.0,Pesos,Bº Guiñazú Sur,22.08.2023,"EXCELENTE Galpon en Avda,  Japon 5000m2 terreno entrada camiones"
2667,null,Alquiler,,120000.0,Pesos,Bº Empalme,16.08.2023,"ALQUILO Casa B° Empalme,  DOS DROMITORIOS"
2669,null,Alquiler,,125000.0,Pesos,Bº Las Palmas,16.08.2023,Alquilo casa 2 dormitorios Barrio Las Palmas
2670,null,Alquiler,,250000.0,Pesos,Bº Prados de Manantiales,15.08.2023,Para Sept DUPLEX 3 dorm A ESTRENAR
2671,null,Alquiler,,60000.0,Pesos,Bº General Bustos,14.08.2023,DEPARTAMENTO 1 DORM. EN Bº GRAL. BUSTOS
2672,null,Alquiler,,90000.0,Pesos,Bº Yofre Norte,11.08.2023,EXCELENTE Y AMPLIO PH EN PB - 1 DORMI C /  PATIO Y COCHERA PASANTE - VENI A  VERLO!
2673,null,Alquiler,,170000.0,Pesos,Bº Alberdi,11.08.2023,ALQUILER - EXCELENTE DPTO DE CATEGORIA - 2 DORMITORIOS
2674,null,Alquiler,,85000.0,Pesos,Bº Bialet Masse,05.08.2023,B° Bialet Masse - Excelente ubicacion!
2675,null,Alquiler,,120000.0,Pesos,null,04.08.2023,DEPARTAMENTO EN ALQUILER EN BARRIO GENERAL PAZ
2676,null,Alquiler,,400000.0,Pesos,Bº Arguello Norte,03.08.2023,ALQUILO LOCAL AL LADO DEL SUPERMERCADO DISCO EN MARTINOLLI 7178
2677,null,Alquiler,,120000.0,Pesos,Bº Cofico,03.08.2023,Alquiler dpto de 2 dorm. en barrio Cofico
2678,null,Alquiler,,140000.0,Pesos,Bº Nueva Córdoba,02.08.2023,NVA CBA ITUZANGO 575 ESQ SAN LORENZO 1 DOR BALCON
2679,null,Alquiler,,130000.0,Pesos,Bº Nueva Córdoba,02.08.2023,NVA CBA ITUZANGO 575 ESQ SAN LORENZO 1 DOR BALCON
2680,null,Alquiler,,160000.0,Pesos,Bº Alta Córdoba,02.08.2023,Alquilo dpto 2 dorm. Alta Córdoba. Córdoba
2681,null,Alquiler,,140000.0,Pesos,Bº Centro,30.07.2023,Alquiler Temporario en El Centro - 2 Dorm
2682,null,Alquiler,,16500.0,Pesos,Bº Guemes,29.07.2023,Solamente auto chico últimas ubicaciones
2683,null,Alquiler,,15.0,Pesos,Bº Villa Sol,29.07.2023,Alquilo cochera C villasol
2684,null,Alquiler,,55000.0,Pesos,Bº General Mosconi,29.07.2023,Alquilo dpto planta alta para 1 persona
2685,null,Alquiler,,1000.0,Dólares,Bº Valle Escondido,29.07.2023,Barrio El Balcon - Valle Escondido
2687,null,Alquiler,,125000.0,Pesos,Bº Centro,29.07.2023,ALQUILER DPTO 2 DORM - PROXIMO A NUEVA CBA
2689,null,Alquiler,,110000.0,Pesos,Bº Alto Alberdi,28.07.2023,1 DORM BALCON QUINCHO CON ASADOR Y PISCINA
2690,null,Alquiler,,100000.0,Pesos,Bº Empalme,27.07.2023,Casa 2 dormitorios en barrio empalme
2692,null,Alquiler,,13500.0,Pesos,Bº Centro,24.07.2023,B° CENTRO – OFICINA EN ALQUILER
2693,null,Alquiler,,2000.0,Dólares,Bº Lomas de la Carolina,24.07.2023,"EXCEPCIONAL CASA DE 3 DORMITORIOS,  COCHERA Y PILETA. SEGURIDAD"
2694,null,Alquiler,,40000.0,Pesos,Bº Pueyrredon,21.07.2023,B° PUERREDON A METROS DE BANCO PATAGONIA
2695,null,Alquiler,,400000.0,Pesos,Bº Villa Cabrera,19.07.2023,Alquiler de  galpón o local  en villa Cabrera  de 350 mts  a estrenar 
2696,null,Alquiler,,110000.0,Pesos,Bº General Paz,13.07.2023,EXCELENTE - PB - 2 PATIOS - 1 DORM 1 BAÑO -
2700,null,Alquiler,,195000.0,Pesos,Bº Villa Belgrano,07.07.2023,3 DORM 3 BAÑOS LIVING COMEDOR COCINA QUINCHO PATIO TERRAZA
2701,null,Alquiler,,55000.0,Pesos,Bº Residencial Oeste,02.07.2023,DEPARTAMENTO DE UN DORMITORIO B° RESIDENCIAL OESTE CALLE FELIX PAZ 1226
2702,null,Alquiler,,80000.0,Pesos,Bº Chateau Carreras,29.06.2023,VILLASOL - ALQUILO DPTO 1 DORM LIV. COM. COCINA AMERICANA
2703,null,Alquiler,,80000.0,Pesos,Bº Chateau Carreras,28.06.2023, VILLASOL - ALQUILO DPTO 1 DORM LIV. COM. COCINA AMERICANA
2704,null,Alquiler,,20000.0,Pesos,Bº Centro,28.06.2023,Local Alquiler Galería Pasaje Central Centro Córdoba
2706,null,Alquiler,,70000.0,Pesos,Bº Alto Alberdi,20.06.2023,ALQUILO A. ALBERDI. 1 DORMITORIO.
2707,null,Alquiler,,115000.0,Pesos,Bº Alta Córdoba,15.06.2023,"2 dormitorios,  alta cordoba,  categoria"
2708,null,Alquiler,,67000.0,Pesos,Bº Alta Córdoba,09.06.2023,Copia de Alquilo casa ANTIGUA ( EXCELENTE UBICACIÓN)
2709,null,Alquiler,,78000.0,Pesos,Bº Providencia,08.06.2023,Providencia 1 Dorm con Patio a metros de la Plaza Rafael Nuñez
2711,null,Alquiler,,75000.0,Pesos,Bº Centro,07.06.2023,MAIPÚ 11 -Excelente depto 1 dormitorio
2712,null,Alquiler,,90000.0,Pesos,Bº Nueva Córdoba,02.06.2023,ALQUILER DEPARTAMENTO UN DORMITORIO BARRIO NUEVA CORDOBA
2713,null,Alquiler,,180000.0,Pesos,null,02.06.2023,Dúplex A Estrenar En Venta - Colinas de Manantiales
2714,null,Alquiler,,110000.0,Pesos,Bº San Martin,29.05.2023,Casa Amplia 4Dor c / cochera 
2715,null,Alquiler,,63000.0,Pesos,Bº Carrara de horizonte,26.05.2023,Alquilo casa 1 dorm. Barrio Carrara de Horizonte Norte.
2716,null,Alquiler,,180000.0,Pesos,Bº Docta Urbanización Inteligente,23.05.2023,Alquiler casa 2 dormitorios zona norte 
2717,null,Alquiler,,115000.0,Pesos,Bº General Paz,22.05.2023,Alquiler de departamento en barrio General Paz
2719,null,Alquiler,,140000.0,Pesos,Bº San Martin Norte,16.05.2023,Departamento 3 dormitorios en alquiler - San Martin
2720,null,Alquiler,,75000.0,Pesos,Bº Marq. de Sobremonte,15.05.2023,ALQUILO Hermoso Depart. 2 Dor. c / coch. Marques de Sobremont
2721,null,Alquiler,,50000.0,Pesos,Bº Colinas de V. Sarsfield,15.05.2023,Alquiler depto 1 dormi Colinas
2723,null,Alquiler,,90000.0,Pesos,Bº Carrara de horizonte,09.05.2023,Casa en Alquiler Carrara Sur
2724,null,Alquiler,,120000.0,Pesos,Bº General Paz,05.05.2023,DUEÑO ALQUILA DEPTO A ESTRENAR
2725,null,Alquiler,,120000.0,Pesos,Bº Centro,05.05.2023,CENTRO 27 de Abril 757 ext categ
2726,null,Alquiler,,800000.0,Pesos,Bº Los Boulevares,05.05.2023,1000m2 planta libre + 100m2 Oficinas PATRÓN IVa (GA 518)
2727,null,Alquiler,,155000.0,Pesos,Bº Centro,05.05.2023,Local esquina 90 MTS B CENTRO
2728,null,Alquiler,,110000.0,Pesos,Bº Alberdi,05.05.2023,Alberdi - 2 Dorm con patio
2729,null,Alquiler,,85000.0,Pesos,Bº Centro,04.05.2023,Departamento de 1 dormitorio en calle Balcarce a una cuadra de la terminal
2730,null,Alquiler,,25000.0,Pesos,null,09.02.2023,ALQUILO LOCAL SOBRE CASTILLA A METROS DE PROV. VASCONGADAS
2731,null,Alquiler,,3800.0,Pesos,Bº Alta Córdoba,27.12.2022,Cocheras para MOTOS mensuales Alta Cba.  Sin comisión
2732,null,Alquiler,,90000.0,Pesos,Bº Centro,13.12.2022,Alquilo casa centro planta alra
2733,null,Alquiler,,50000.0,Pesos,Bº Cofico,12.12.2022,Dpto a ESTRENAR 1 dor c / balcón  sobre Rodriguez Peña a Mts de Bedoya (Cofico)
2734,null,Alquiler,,90000.0,Pesos,Bº Centro,10.12.2022,"Alquiler Casa Planta Alta ,  preferiblemente comercial"
2735,null,Alquiler,,10000.0,Pesos,Bº Centro,11.11.2022,CENTRO Oficina / local 45M2
2736,null,Alquiler,,10000.0,Pesos,Bº Centro,11.11.2022,Local 45m2 Galería Céntrica !!!
